feature,importance
cat__formatted_experience_level_Entry Level,0.1395657828973103
num__follower_count,0.0813838172575054
cat__formatted_experience_level_Director,0.07260971732275273
num__description_length,0.056182975519666174
text__engineer,0.05487920855011783
num__employee_count,0.04882184108013827
cat__formatted_experience_level_Mid-Senior Level,0.04331659576286032
cat__formatted_experience_level_Executive,0.04220442139558756
text__physician,0.025107078184741387
text__director,0.02106658492116154
text__manager,0.02104534407548193
cat__primary_industry_name_Retail,0.02044566242766089
text__senior,0.017737531046483068
text__attorney,0.017443751677401146
text__developer,0.008569727673377955
cat__is_remote_0,0.008210702036622632
text__assistant,0.0077125848200105505
text__general,0.0075215426326119385
num__benefit_count,0.007516829817205194
text__product,0.007366864727527401
text__counsel,0.00711054870482001
text__architect,0.007074894172328884
text__software,0.006985241261789406
num__skill_count,0.006894468304003185
cat__is_remote_1,0.006225345100025772
text__principal,0.004958602175786874
text__head,0.004782615570792393
text__id,0.004630803512769494
cat__formatted_experience_level_Unknown,0.004497429608414226
cat__primary_industry_name_Software Development,0.004373761089524421
text__of,0.004247631973961371
text__associate,0.004100850836071011
text__analyst,0.0037861289402240914
cat__formatted_work_type_Part-Time,0.0037634464408973075
text__lead,0.0036001039604253095
cat__primary_industry_name_Hospitality,0.0035711243094436584
text__nurse,0.003531613399869357
text__medical,0.0034441260676072744
cat__primary_industry_name_Biotechnology Research,0.0032825033071352183
text__therapist,0.003272172486072882
text__sr,0.003174885704618835
text__software engineer,0.0030189260615705047
text__data,0.0030003923125045268
cat__primary_industry_name_Manufacturing,0.002962615358348545
text__litigation,0.0028275731017137805
text__and,0.002819200366064802
text__engineering,0.002808593150504353
text__consultant,0.002773015219542885
cat__primary_industry_name_Hospitals and Health Care,0.0027672206810089796
text__partner,0.0027401311801038505
text__customer,0.0026820963772810516
text__sales,0.002640557105131574
cat__country_Us,0.0026278507926109106
cat__primary_industry_name_Financial Services,0.002611439853200273
text__staff,0.002503723568636997
cat__primary_industry_name_Veterinary Services,0.0024765896356626904
text__product manager,0.002475844473337036
text__level,0.002454392685105902
text__time,0.002411993015018948
cat__primary_industry_name_Higher Education,0.002394141483836245
text__service,0.002392711413478926
cat__formatted_work_type_Full-Time,0.0022802032360227462
cat__primary_industry_name_Staffing and Recruiting,0.00215376566193728
text__health,0.00212801593004001
text__executive,0.0021103025711385103
cat__formatted_work_type_Contract,0.002081168053836203
text__chief,0.002068251275242804
text__vp,0.0020664479595645367
text__senior director,0.0020030507300680253
text__scientist,0.0019376013073639615
text__business,0.0018871995841858817
text__in,0.0018382410984295182
text__specialist,0.0018366204760957142
text__clinical,0.001737877257397116
text__estate,0.0017253352168729878
text__account,0.0016975504851779104
text__vice president,0.00164606100918675
text__senior manager,0.0015643354151830425
text__designer,0.001504776878758456
cat__country_Gb,0.001500838173488248
cat__formatted_experience_level_Associate,0.0013997021065937042
text__regional,0.0013894397708380515
text__insurance,0.0013750941132090566
text__vice,0.0013706094728824865
text__home,0.0013603560168129994
cat__primary_industry_name_IT Services and IT Consulting,0.001323584416132471
text__risk,0.001275765813011049
text__relations,0.0012487151825080393
cat__primary_industry_name_Computer and Network Security,0.0012386550094130565
cat__primary_industry_name_Non-profit Organizations,0.001223762498762761
text__information,0.0012219100993994764
text__controller,0.0012216407484780668
text__rn,0.0012080766453921457
text__days,0.0011682957935943883
text__intelligence,0.0011663671419470938
"cat__primary_industry_name_Technology, Information and Internet",0.001107589758409993
text__remote,0.001101022273066761
cat__primary_industry_name_Capital Markets,0.0010849303397689467
text__job id,0.0010834971644817543
text__dental,0.0010824319375432392
text__intern,0.0010404918560780279
text__security,0.001029353493139321
cat__primary_industry_name_Computer Hardware Manufacturing,0.0010289595290395603
text__customer service,0.0010263907831427853
text__president,0.0010088710038677062
text__strategic,0.000991432400495162
text__program,0.0009879059820758907
text__nurse rn,0.0009805334273518265
text__cloud,0.0009473011234514312
text__director of,0.0009366817819363889
text__center,0.0009351520223366033
text__strategy,0.0009161320393553579
text__licensed,0.0009160317584218641
text__infrastructure,0.0008870300465318254
cat__primary_industry_name_Entertainment Providers,0.0008694784835472764
text__project,0.0008682315308161125
cat__primary_industry_name_Defense and Space Manufacturing,0.0008681593990666462
cat__primary_industry_name_Pharmaceutical Manufacturing,0.0008608282291234393
text__development,0.000853288221799026
text__management,0.0008524192380831799
text__for,0.0008416811924027455
text__solutions,0.0008406852482903143
text__technician,0.0008226822910229473
text__program manager,0.0007877849732307111
text__accountant,0.0007589951268055373
text__real,0.0007577898366351249
text__leader,0.0007557650602780674
cat__primary_industry_name_Construction,0.0007498866949712522
text__tax,0.0007455677844319522
text__assistant manager,0.0007322831359063126
cat__formatted_experience_level_Internship,0.0007254002349975952
text__financial,0.0007191442147821995
text__sales manager,0.0006987933741212653
text__safety,0.0006782251661327809
text__technical,0.0006671442151785194
text__digital,0.0006575455652213833
text__ca,0.0006506233596284616
text__with,0.000643188009978648
text__marketing,0.0006382146649192664
text__systems,0.000637199521122563
text__design,0.0006268135314996266
text__operations,0.0006246498323746372
text__learning,0.0006215239131967379
text__representative,0.000608985544168581
cat__primary_industry_name_Real Estate,0.0006046275990020201
text__account manager,0.0005926994810744974
text__full,0.0005925149305724969
text__retail,0.0005867548238979399
text__real estate,0.0005803018292561706
text__enterprise,0.000573951565514965
cat__primary_industry_name_Insurance,0.0005513869716373981
text__services,0.0005431237573264863
text__000,0.0005370586843394257
text__machine,0.0005331483812052827
text__account executive,0.0005241473503324139
text__client,0.0005064040533816926
cat__primary_industry_name_Business Consulting and Services,0.0004989426301407135
text__sales associate,0.0004985840973932835
text__technology,0.0004950218595266649
text__shift,0.0004809130773317601
cat__primary_industry_name_Telecommunications,0.00047990997830848814
text__officer,0.00047744245560264666
text__office,0.00046492637535509954
cat__primary_industry_name_Mental Health Care,0.00045950148340267386
cat__primary_industry_name_Law Practice,0.0004532671813620602
text__administrator,0.00044962409206886607
text__analytics,0.0004467607746819201
cat__primary_industry_name_Research Services,0.0004423164814395625
text__site,0.0004410070399447259
text__commercial,0.00043917712829489436
cat__primary_industry_name_Legal Services,0.00043662318253196504
text__support,0.0004346564948077011
cat__primary_industry_name_Banking,0.0004325576811784277
text__project manager,0.0004295923866889358
text__sales representative,0.0004287452182768603
text__finance,0.0004178763307778911
cat__primary_industry_name_Investment Banking,0.0003978639666560002
text__estimator,0.0003965357580104774
text__ii,0.00038912675891193763
cat__primary_industry_name_Venture Capital and Private Equity Principals,0.00038297313193372886
text__research,0.0003805917012189742
cat__primary_industry_name_Internet Marketplace Platforms,0.0003741312151763038
text__or,0.00037215905190017047
text__store manager,0.00036454199477999586
text__hybrid,0.0003542635383455384
text__iii,0.0003530931806566796
cat__primary_industry_name_Accounting,0.00035086998281024136
text__care,0.0003504068257530704
text__sign,0.0003494169766928888
text__bonus,0.0003424364245492269
text__store,0.00034238609507744047
text__family,0.0003407843619249771
text__branch,0.00034019361269047163
text__control,0.000339857712906732
text__coordinator,0.0003268118909493491
cat__primary_industry_name_Online Audio and Video Media,0.0003229736895297986
cat__primary_industry_name_Wellness and Fitness Services,0.0003208429704883431
cat__primary_industry_name_Advertising Services,0.00031733027670157924
text__corporate,0.000317047391014216
cat__primary_industry_name_Restaurants,0.0003119241533591291
text__global,0.0003099811523737339
"cat__primary_industry_name_Technology, Information and Media",0.0002980317920957831
text__supervisor,0.0002920317735173734
text__to,0.0002870150168424764
text__construction,0.00028666610115986795
cat__primary_industry_name_Investment Management,0.0002865733790016373
cat__primary_industry_name_Automation Machinery Manufacturing,0.0002774911087132198
cat__country_Ca,0.00027564615655567413
text__per,0.0002711883673211488
text__it,0.00026984654355523133
cat__primary_industry_name_Semiconductor Manufacturing,0.00026868742008311845
text__business development,0.00025748305407117454
cat__primary_industry_name_Information Services,0.00025698732825009147
text__certified,0.0002510708570159772
cat__primary_industry_name_Space Research and Technology,0.0002507196004669464
text__business analyst,0.0002501726760417917
cat__country_0,0.00024794657385525745
"cat__primary_industry_name_Appliances, Electrical, and Electronics Manufacturing",0.00023977387517218853
cat__primary_industry_name_Government Administration,0.00023963685368093776
text__travel,0.00023592095576215554
text__general manager,0.00023397975897092944
text__quality,0.00022815452348724536
text__maintenance,0.00022100122598908464
text__us,0.00021827866138361015
text__system,0.00021244116307685552
text__market,0.00020922086586452586
text__content,0.00020675156400388445
text__production,0.00020670601542149296
text__full time,0.00020491376612670763
text__warehouse,0.00019919549638539697
cat__country_De,0.00019312497123610237
"cat__primary_industry_name_Transportation, Logistics, Supply Chain and Storage",0.00018950310471461024
cat__country_Unknown,0.00018473021929281131
cat__primary_industry_name_Medical Equipment Manufacturing,0.00017983659869587166
text__network,0.00017763453935278314
text__tech,0.00017248551230934433
text__accounting,0.00017175254346906376
text__area,0.00017139427751079788
text__test,0.00016813939950639976
cat__primary_industry_name_Food and Beverage Services,0.0001677039933582778
text__registered,0.00016469789350895703
cat__primary_industry_name_Architecture and Planning,0.0001638454174486662
cat__primary_industry_name_Aviation and Aerospace Component Manufacturing,0.00016320570603467542
text__part time,0.0001631964641432127
text__agent,0.00015001518182374462
cat__primary_industry_name_Insurance Agencies and Brokerages,0.0001479304753204162
text__social,0.00014488223401877746
text__new,0.0001440030054085905
text__part,0.00014377138052129273
text__advisor,0.00014142458805186742
text__application,0.00014005177490639708
text__field,0.00013865708837161234
text__controls,0.00013774938570973016
text__data engineer,0.00013770554993140313
text__compliance,0.00013702133811687608
text__on,0.00013692567382208242
cat__primary_industry_name_Utilities,0.00013573747185630786
text__stack,0.0001355365229913894
text__full stack,0.00013185506646426397
text__professional,0.00013039246071325353
cat__primary_industry_name_Oil and Gas,0.00012888180266126494
text__senior software,0.00012497364203743552
cat__primary_industry_name_Education Administration Programs,0.00012351127759702548
cat__country_Fr,0.00012251305682585005
text__banker,0.0001225081346971846
cat__primary_industry_name_Business Content,0.00012195224937823323
cat__primary_industry_name_Consumer Services,0.00011807870745523807
cat__primary_industry_name_Unknown,0.00011438445888609013
cat__primary_industry_name_Retail Apparel and Fashion,0.0001140433829576773
text__manufacturing,0.00011277947001323542
text__team,0.00010791049092962524
text__hour,0.00010346979293080016
cat__primary_industry_name_Motor Vehicle Manufacturing,0.00010288103848362477
text__experience,0.00010185811398698679
cat__primary_industry_name_Professional Services,0.00010148977158194588
cat__country_Nl,9.902536995579405e-05
cat__primary_industry_name_Wireless Services,9.70577346886872e-05
cat__primary_industry_name_Human Resources Services,9.44352229723105e-05
text__administrative,9.401500381158581e-05
cat__primary_industry_name_Airlines and Aviation,9.333295476035868e-05
text__driver,9.32686204025359e-05
text__junior,9.219132025213458e-05
text__sales executive,8.935721360471183e-05
cat__primary_industry_name_Industrial Machinery Manufacturing,8.913178528420693e-05
text__physical,8.793456870290468e-05
text__project engineer,8.78751041617784e-05
text__development manager,8.775559441873223e-05
text__contract,8.695195671502441e-05
text__human,8.655637617994153e-05
text__logistics,8.641969569778696e-05
text__accounts,8.62564621346609e-05
text__planning,8.475121112350586e-05
text__seasonal,8.431668214569328e-05
text__ny,8.39748826301035e-05
cat__primary_industry_name_Research,8.314176528939846e-05
text__physical therapist,8.16212370725919e-05
text__registered nurse,8.04410762917318e-05
text__worker,7.928100377132744e-05
text__outside,7.87370491494799e-05
text__technologist,7.647712647155464e-05
text__surgical,7.538260362741887e-05
text__community,7.383445101653766e-05
cat__primary_industry_name_Civil Engineering,7.13472986669708e-05
text__hr,7.128789075327627e-05
text__handler,7.026705774138247e-05
cat__formatted_work_type_Temporary,6.696388809530982e-05
cat__formatted_work_type_Other,6.641051710403029e-05
cat__primary_industry_name_Biotechnology,6.563219714520753e-05
text__accounting manager,6.492266444190739e-05
text__process,6.391812576144068e-05
text__benefits,6.15787865158953e-05
text__electrical,5.95811497701271e-05
text__resources,5.953530988207178e-05
text__planner,5.770866183449195e-05
text__service representative,5.685994150967603e-05
cat__primary_industry_name_Medical Practices,5.562718292618496e-05
text__electrical engineer,5.479168791517475e-05
text__quality assurance,5.462535578108235e-05
text__2024,5.2540969971561955e-05
text__nursing,5.251490007590247e-05
text__civil,5.081618284524372e-05
text__behavior,5.0116487142521504e-05
cat__primary_industry_name_Human Resources,5.0017576781595845e-05
text__data analyst,4.9509063385949873e-05
cat__primary_industry_name_Services for Renewable Energy,4.902629085224182e-05
cat__primary_industry_name_Design Services,4.7025274256375413e-05
text__legal,4.553900096699813e-05
text__assurance,4.551084698327486e-05
text__human resources,4.540652855842589e-05
text__marketing manager,4.5301101968113456e-05
text__executive assistant,4.438172874272359e-05
text__job,4.414810785741201e-05
text__design engineer,4.092136623143766e-05
text__patient,4.055463643620983e-05
cat__country_In,4.053783404436952e-05
cat__primary_industry_name_Spectator Sports,3.9056112307137345e-05
text__personal,3.890090169648959e-05
text__supply chain,3.872841726033675e-05
cat__country_Se,3.8688783090457835e-05
cat__primary_industry_name_Chemical Manufacturing,3.8276471712114706e-05
text__delivery,3.753169641787413e-05
text__mechanical,3.7211916086937834e-05
cat__primary_industry_name_Civic and Social Organizations,3.674216621657507e-05
cat__primary_industry_name_Primary and Secondary Education,3.637004551570706e-05
text__teacher,3.512994008714902e-05
text__school,3.4808798638075725e-05
cat__country_Dk,3.472242002928934e-05
text__veterinary,3.4490097298209315e-05
cat__country_Ch,3.43643509108597e-05
text__recruiter,3.4062106841261146e-05
cat__primary_industry_name_Environmental Services,3.374264846104614e-05
cat__primary_industry_name_Travel Arrangements,3.2437311147059745e-05
text__property,3.2358622663087944e-05
text__member,3.128967193123764e-05
text__operations manager,3.1150644516338416e-05
text__operator,3.097263651900496e-05
cat__primary_industry_name_Individual and Family Services,3.0541057278852544e-05
text__payroll,3.0373052737572358e-05
text__trainee,3.0320869108873676e-05
cat__primary_industry_name_Computers and Electronics Manufacturing,2.9565654390470406e-05
text__communications,2.881807610349806e-05
text__entry,2.880515474499147e-05
cat__primary_industry_name_Marketing Services,2.8514886226542687e-05
text__1st,2.8407275566436515e-05
cat__formatted_work_type_Internship,2.747798212250249e-05
cat__primary_industry_name_Health and Human Services,2.699799793359429e-05
cat__primary_industry_name_Robotics Engineering,2.692200008746476e-05
text__travel rn,2.6502339662088594e-05
text__media,2.6300719753294053e-05
text__chain,2.6189505391283798e-05
text__supply,2.5610686519915535e-05
cat__primary_industry_name_Public Relations and Communications Services,2.5396727076114395e-05
text__superintendent,2.4939863816354685e-05
cat__primary_industry_name_Security and Investigations,2.4887265583829814e-05
text__counselor,2.4042126616092876e-05
text__auto,2.3586482861608923e-05
text__desk,2.3063197266844613e-05
text__senior accountant,2.202398026230059e-05
cat__primary_industry_name_Executive Search Services,2.1610546514463023e-05
text__financial analyst,2.0566362730595512e-05
cat__primary_industry_name_Wholesale Building Materials,2.0518614558064105e-05
cat__primary_industry_name_Food and Beverage Manufacturing,1.981435283000707e-05
text__bilingual,1.869469875114725e-05
text__merchandiser,1.8255887779698155e-05
cat__primary_industry_name_Automotive,1.800368906962144e-05
cat__country_Cn,1.765973961991759e-05
text__3rd shift,1.7591145276524553e-05
cat__primary_industry_name_Computer Networking Products,1.7368917283661277e-05
cat__primary_industry_name_Personal Care Product Manufacturing,1.7231563741943106e-05
text__training,1.7154789042699568e-05
text__development representative,1.6925425028390987e-05
text__entry level,1.655918726379739e-05
text__ft,1.6497149497249603e-05
cat__country_Ie,1.5334368251832432e-05
cat__primary_industry_name_Government Relations Services,1.530180869443355e-05
cat__primary_industry_name_Engineering Services,1.5199845885579122e-05
cat__primary_industry_name_Broadcast Media Production and Distribution,1.4658334121891004e-05
text__onsite,1.462834462940413e-05
cat__primary_industry_name_Public Safety,1.4279813902413133e-05
text__mechanic,1.3870889980990792e-05
text__information technology,1.3009319291346369e-05
text__retail sales,1.2948300401454744e-05
cat__primary_industry_name_Performing Arts,1.2587584144300029e-05
text__med,1.2212369219685242e-05
cat__primary_industry_name_Administrative and Support Services,1.2001257807848641e-05
text__cdl,1.157327840527111e-05
text__equipment,1.1463237313397691e-05
text__lpn,1.1417926523798279e-05
cat__primary_industry_name_Computer Games,1.1282422950596651e-05
cat__primary_industry_name_Public Health,1.0823212113848892e-05
text__paralegal,1.0711337559553395e-05
text__administrative assistant,1.0661832903613316e-05
cat__primary_industry_name_Law Enforcement,1.0403210901318006e-05
cat__primary_industry_name_Retail Groceries,1.0113330219266697e-05
cat__country_Oo,9.173766180226931e-06
cat__primary_industry_name_Market Research,8.62326246420717e-06
cat__primary_industry_name_Information Technology & Services,8.476065674485918e-06
cat__primary_industry_name_E-Learning Providers,8.32599954046289e-06
"cat__primary_industry_name_Agriculture, Construction, Mining Machinery Manufacturing",8.169869932861872e-06
text__staff accountant,8.118953958888736e-06
cat__primary_industry_name_Engines and Power Transmission Equipment Manufacturing,7.040089092023121e-06
text__inside,7.036403891937123e-06
text__2nd,7.034453580870724e-06
cat__country_Be,6.921481154027827e-06
cat__primary_industry_name_Data Infrastructure and Analytics,6.890481677698024e-06
cat__primary_industry_name_Book and Periodical Publishing,6.857158736326661e-06
cat__primary_industry_name_Machinery Manufacturing,6.100958436123992e-06
text__summer,6.002038004899962e-06
cat__country_No,5.846021322163362e-06
text__industrial,5.442141143944687e-06
text__service technician,5.401040032031673e-06
text__3rd,5.39293335077123e-06
cat__country_Jp,5.285393724409606e-06
text__laboratory,5.015199916499202e-06
text__inside sales,4.8624587131995365e-06
cat__primary_industry_name_Packaging and Containers Manufacturing,4.010023967066573e-06
cat__primary_industry_name_Truck Transportation,3.996089687398157e-06
cat__primary_industry_name_Paper and Forest Product Manufacturing,3.994497546115025e-06
text__clerk,3.807681258871625e-06
text__2nd shift,3.6259156577980175e-06
cat__primary_industry_name_Renewable Energy Semiconductor Manufacturing,3.471876579149435e-06
cat__primary_industry_name_Plastics Manufacturing,3.4236502774269362e-06
cat__primary_industry_name_Retail Office Equipment,3.129238574568202e-06
cat__primary_industry_name_Events Services,3.1278282361688517e-06
cat__primary_industry_name_Internet News,2.974382003640092e-06
text__lab,2.809696339337447e-06
cat__primary_industry_name_Facilities Services,2.635111169339263e-06
text__education,2.471264213036969e-06
text__truck,2.4542348528409427e-06
cat__primary_industry_name_Gambling Facilities and Casinos,2.321503995044044e-06
cat__primary_industry_name_Mining,2.286729726361323e-06
cat__primary_industry_name_Textile Manufacturing,2.086310015462652e-06
cat__primary_industry_name_Media Production,1.965852341707776e-06
cat__primary_industry_name_Wine & Spirits,1.9277354080238252e-06
cat__primary_industry_name_Education Management,1.8922573944509706e-06
text__front,1.7558137208190351e-06
text__accounts payable,1.6600425687519618e-06
cat__country_Au,1.6344812577660971e-06
cat__primary_industry_name_Hotels and Motels,1.6141332169130572e-06
cat__primary_industry_name_Outsourcing and Offshoring Consulting,1.6022054537930863e-06
cat__primary_industry_name_Tobacco Manufacturing,1.5109026085386172e-06
cat__primary_industry_name_Non-profit Organization Management,1.4944538621841555e-06
text__support specialist,1.473464083774304e-06
text__payable,1.43595571087984e-06
cat__primary_industry_name_Armed Forces,1.3790424808755968e-06
cat__primary_industry_name_Data Security Software Products,1.2916261220300586e-06
text__environmental,1.2619992693307047e-06
cat__primary_industry_name_Professional Training and Coaching,1.1353016860243653e-06
"cat__primary_industry_name_Oil, Gas, and Mining",1.0961546690417e-06
cat__primary_industry_name_Shipbuilding,1.0872735403602259e-06
cat__primary_industry_name_Furniture and Home Furnishings Manufacturing,1.061406964432169e-06
cat__primary_industry_name_Agricultural Chemical Manufacturing,1.0365969494606311e-06
cat__primary_industry_name_Food and Beverage Retail,9.905034568673703e-07
text__maintenance technician,8.850481972176261e-07
"cat__primary_industry_name_Museums, Historical Sites, and Zoos",8.100200120990118e-07
cat__primary_industry_name_Philanthropic Fundraising Services,4.784319557694676e-07
cat__primary_industry_name_IT System Testing and Evaluation,3.9193703411225e-07
cat__primary_industry_name_Education,3.832070408482956e-07
cat__primary_industry_name_Renewable Energy Power Generation,3.421805609006773e-07
cat__primary_industry_name_Warehousing and Storage,2.5462527511332137e-07
cat__primary_industry_name_Wholesale,2.4170122542326067e-07
cat__primary_industry_name_Fundraising,2.2792067782301748e-07
cat__primary_industry_name_Retail Motor Vehicles,2.2553092638196403e-07
"cat__primary_industry_name_Health, Wellness & Fitness",2.0838632649699443e-07
cat__primary_industry_name_Retail Health and Personal Care Products,2.019769996535345e-07
cat__primary_industry_name_Retail Luxury Goods and Jewelry,1.6581270178175342e-07
cat__primary_industry_name_Musicians,1.0722756991989755e-07
cat__country_Tw,1.010754245055439e-07
cat__primary_industry_name_Public Policy Offices,8.62176784221575e-08
cat__primary_industry_name_Translation and Localization,7.701431117838462e-08
cat__primary_industry_name_Operations Consulting,7.535684310524497e-08
"cat__primary_industry_name_Glass, Ceramics and Concrete Manufacturing",2.856320409535787e-08
cat__primary_industry_name_Freight and Package Transportation,2.2038008654313653e-08
cat__primary_industry_name_Office Administration,1.776873174216687e-08
cat__primary_industry_name_Mechanical Or Industrial Engineering,1.061664261964532e-08
cat__primary_industry_name_Apparel & Fashion,8.793358027671835e-09
cat__primary_industry_name_Alternative Medicine,2.822074869206045e-09
cat__primary_industry_name_Consumer Goods,9.352515702046073e-10
cat__primary_industry_name_Security Systems Services,0.0
cat__primary_industry_name_Trusts and Estates,0.0
cat__primary_industry_name_Strategic Management Services,0.0
cat__primary_industry_name_Sporting Goods Manufacturing,0.0
cat__primary_industry_name_Beverage Manufacturing,0.0
cat__primary_industry_name_Baked Goods Manufacturing,0.0
cat__primary_industry_name_Surveying and Mapping Services,0.0
cat__primary_industry_name_Urban Transit Services,0.0
cat__primary_industry_name_Sports Teams and Clubs,0.0
cat__primary_industry_name_Animation and Post-production,0.0
cat__primary_industry_name_Audio and Video Equipment Manufacturing,0.0
cat__primary_industry_name_Transportation/Trucking/Railroad,0.0
cat__primary_industry_name_Solar Electric Power Generation,0.0
cat__primary_industry_name_Artists and Writers,0.0
cat__primary_industry_name_Transportation Programs,0.0
cat__primary_industry_name_Transportation Equipment Manufacturing,0.0
cat__primary_industry_name_Spring and Wire Product Manufacturing,0.0
cat__primary_industry_name_Specialty Trade Contractors,0.0
cat__primary_industry_name_Semiconductors,0.0
cat__primary_industry_name_Aviation & Aerospace,0.0
cat__primary_industry_name_Social Networking Platforms,0.0
cat__primary_industry_name_Think Tanks,0.0
cat__primary_industry_name_Theater Companies,0.0
cat__primary_industry_name_Architectural and Structural Metal Manufacturing,0.0
cat__primary_industry_name_Apparel Manufacturing,0.0
cat__primary_industry_name_Fine Art,0.0
cat__primary_industry_name_Wholesale Machinery,0.0
"cat__primary_industry_name_Air, Water, and Waste Program Management",0.0
cat__country_Lt,0.0
cat__country_Bm,0.0
cat__country_Br,0.0
cat__country_Es,0.0
cat__country_Fi,0.0
cat__country_Hk,0.0
cat__country_Hu,0.0
cat__country_Il,0.0
cat__country_Is,0.0
cat__country_It,0.0
cat__country_Ky,0.0
cat__country_Lu,0.0
cat__primary_industry_name_Utilities Administration,0.0
cat__country_Mt,0.0
cat__country_Mx,0.0
cat__country_Nz,0.0
cat__country_Pa,0.0
cat__country_Pk,0.0
cat__country_Pr,0.0
cat__country_Sg,0.0
cat__country_Ve,0.0
cat__country_Za,0.0
cat__is_sponsored_0,0.0
cat__country_At,0.0
cat__country_Ae,0.0
cat__formatted_work_type_Volunteer,0.0
cat__primary_industry_name_Writing and Editing,0.0
cat__primary_industry_name_Utility System Construction,0.0
cat__primary_industry_name_Vehicle Repair and Maintenance,0.0
cat__primary_industry_name_Veterinary,0.0
cat__primary_industry_name_Warehousing,0.0
"cat__primary_industry_name_Water, Waste, Steam, and Air Conditioning Services",0.0
cat__primary_industry_name_Administration of Justice,0.0
cat__primary_industry_name_Wholesale Alcoholic Beverages,0.0
"cat__primary_industry_name_Wholesale Appliances, Electrical, and Electronics",0.0
cat__primary_industry_name_Accessible Architecture and Design,0.0
cat__primary_industry_name_Wholesale Chemical and Allied Products,0.0
cat__primary_industry_name_Wholesale Food and Beverage,0.0
cat__primary_industry_name_Wholesale Footwear,0.0
cat__primary_industry_name_Wholesale Furniture and Home Furnishings,0.0
"cat__primary_industry_name_Wholesale Hardware, Plumbing, Heating Equipment",0.0
cat__primary_industry_name_Wholesale Import and Export,0.0
cat__primary_industry_name_Wholesale Luxury Goods and Jewelry,0.0
cat__primary_industry_name_School and Employee Bus Services,0.0
cat__primary_industry_name_Wholesale Metals and Minerals,0.0
cat__primary_industry_name_Wholesale Recyclable Materials,0.0
cat__primary_industry_name_Wind Electric Power Generation,0.0
cat__primary_industry_name_Wood Product Manufacturing,0.0
cat__primary_industry_name_Seafood Product Manufacturing,0.0
cat__primary_industry_name_Renewable Energy Equipment Manufacturing,0.0
cat__primary_industry_name_Rubber Products Manufacturing,0.0
cat__primary_industry_name_Landscaping Services,0.0
cat__primary_industry_name_Electric Power Generation,0.0
cat__primary_industry_name_Electric Lighting Equipment Manufacturing,0.0
cat__primary_industry_name_Insurance Carriers,0.0
cat__primary_industry_name_Insurance and Employee Benefit Funds,0.0
cat__primary_industry_name_Interior Design,0.0
cat__primary_industry_name_International Affairs,0.0
cat__primary_industry_name_International Trade and Development,0.0
cat__primary_industry_name_Economic Programs,0.0
cat__primary_industry_name_Internet Publishing,0.0
cat__primary_industry_name_Investment Advice,0.0
cat__primary_industry_name_E-learning,0.0
cat__primary_industry_name_Janitorial Services,0.0
cat__primary_industry_name_Digital Accessibility Services,0.0
cat__primary_industry_name_Dairy Product Manufacturing,0.0
cat__primary_industry_name_Leasing Non-residential Real Estate,0.0
cat__primary_industry_name_Design,0.0
cat__primary_industry_name_Legislative Offices,0.0
"cat__primary_industry_name_Leisure, Travel & Tourism",0.0
cat__primary_industry_name_Libraries,0.0
cat__primary_industry_name_Luxury Goods & Jewelry,0.0
cat__primary_industry_name_Dentists,0.0
cat__primary_industry_name_Maritime Transportation,0.0
cat__primary_industry_name_Defense & Space,0.0
cat__primary_industry_name_Measuring and Control Instrument Manufacturing,0.0
cat__primary_industry_name_Meat Products Manufacturing,0.0
cat__primary_industry_name_Medical Device,0.0
cat__primary_industry_name_Industrial Automation,0.0
"cat__primary_industry_name_Electric Power Transmission, Control, and Distribution",0.0
cat__primary_industry_name_IT System Training and Support,0.0
cat__primary_industry_name_IT System Operations and Maintenance,0.0
cat__primary_industry_name_Food & Beverages,0.0
cat__primary_industry_name_Food Production,0.0
cat__primary_industry_name_Fashion Accessories Manufacturing,0.0
cat__primary_industry_name_Farming,0.0
cat__primary_industry_name_Furniture,0.0
cat__primary_industry_name_Glass Product Manufacturing,0.0
cat__primary_industry_name_Golf Courses and Country Clubs,0.0
cat__primary_industry_name_Fabricated Metal Products,0.0
cat__primary_industry_name_Graphic Design,0.0
cat__primary_industry_name_Ground Passenger Transportation,0.0
cat__primary_industry_name_HVAC and Refrigeration Equipment Manufacturing,0.0
cat__primary_industry_name_Executive Offices,0.0
cat__primary_industry_name_Holding Companies,0.0
cat__primary_industry_name_Home Health Care Services,0.0
cat__primary_industry_name_Equipment Rental Services,0.0
cat__primary_industry_name_Hospitals,0.0
cat__primary_industry_name_Environmental Quality Programs,0.0
cat__primary_industry_name_Household Services,0.0
cat__primary_industry_name_Housing Programs,0.0
cat__primary_industry_name_Housing and Community Development,0.0
cat__primary_industry_name_Entertainment,0.0
cat__primary_industry_name_Electrical Equipment Manufacturing,0.0
cat__primary_industry_name_IT System Custom Software Development,0.0
cat__primary_industry_name_IT System Data Services,0.0
cat__primary_industry_name_IT System Installation and Disposal,0.0
cat__primary_industry_name_Medical and Diagnostic Laboratories,0.0
cat__primary_industry_name_Metal Treatments,0.0
cat__primary_industry_name_Blockchain Services,0.0
cat__primary_industry_name_Renewables & Environment,0.0
cat__primary_industry_name_Commercial and Service Industry Machinery Manufacturing,0.0
cat__primary_industry_name_Program Development,0.0
cat__primary_industry_name_Commercial Real Estate,0.0
cat__primary_industry_name_Climate Technology Product Manufacturing,0.0
cat__primary_industry_name_Rail Transportation,0.0
cat__primary_industry_name_Railroad Equipment Manufacturing,0.0
cat__primary_industry_name_Climate Data and Analytics,0.0
cat__primary_industry_name_Real Estate Agents and Brokers,0.0
cat__primary_industry_name_Real Estate and Equipment Rental Services,0.0
cat__primary_industry_name_Recreational Facilities,0.0
cat__primary_industry_name_Religious Institutions,0.0
cat__primary_industry_name_Fire Protection,0.0
cat__primary_industry_name_Repair and Maintenance,0.0
cat__primary_industry_name_Metalworking Machinery Manufacturing,0.0
cat__primary_industry_name_Chemical Raw Materials Manufacturing,0.0
cat__primary_industry_name_Business Intelligence Platforms,0.0
cat__primary_industry_name_Residential Building Construction,0.0
cat__primary_industry_name_Building Materials,0.0
"cat__primary_industry_name_Boilers, Tanks, and Shipping Container Manufacturing",0.0
"cat__primary_industry_name_Retail Appliances, Electrical, and Electronic Equipment",0.0
cat__primary_industry_name_Retail Art Supplies,0.0
cat__primary_industry_name_Retail Books and Printed News,0.0
cat__primary_industry_name_Retail Florists,0.0
cat__primary_industry_name_Retail Furniture and Home Furnishings,0.0
cat__primary_industry_name_Retail Pharmacies,0.0
cat__primary_industry_name_Robot Manufacturing,0.0
cat__primary_industry_name_Printing Services,0.0
cat__primary_industry_name_Community Development and Urban Planning,0.0
cat__primary_industry_name_Primary Metal Manufacturing,0.0
cat__primary_industry_name_Political Organizations,0.0
cat__primary_industry_name_Military and International Affairs,0.0
cat__primary_industry_name_Cosmetics,0.0
cat__primary_industry_name_Motor Vehicle Parts Manufacturing,0.0
"cat__primary_industry_name_Movies, Videos, and Sound",0.0
cat__primary_industry_name_Museums,0.0
cat__primary_industry_name_Nanotechnology Research,0.0
cat__primary_industry_name_Natural Gas Distribution,0.0
cat__primary_industry_name_Newspaper Publishing,0.0
cat__primary_industry_name_Nursing Homes and Residential Care Facilities,0.0
cat__primary_industry_name_Office Furniture and Fixtures Manufacturing,0.0
cat__primary_industry_name_Consumer Electronics,0.0
cat__primary_industry_name_Construction Hardware Manufacturing,0.0
cat__primary_industry_name_Online and Mail Order Retail,0.0
cat__primary_industry_name_Packaging & Containers,0.0
"cat__primary_industry_name_Paint, Coating, and Adhesive Manufacturing",0.0
cat__primary_industry_name_Paper & Forest Products,0.0
cat__primary_industry_name_Computer Networking,0.0
cat__primary_industry_name_Performing Arts and Spectator Sports,0.0
cat__primary_industry_name_Computer Hardware,0.0
cat__primary_industry_name_Personal Care Services,0.0
cat__primary_industry_name_Personal and Laundry Services,0.0
cat__primary_industry_name_Photography,0.0
"cat__primary_industry_name_Physical, Occupational and Speech Therapists",0.0
cat__primary_industry_name_Pipeline Transportation,0.0
cat__primary_industry_name_Plastics and Rubber Product Manufacturing,0.0
cat__primary_industry_name_Building Construction,0.0
